[
    {
        "id": 1,
        "name": "gender equality women clothing01",
        "price": 18.99,
        "image": "image7.png"
    },
    {
        "id": 2,
        "name": "gender equality bracelet01",
        "price": 10.99,
        "image": "bracelet2.png"
    },
    {
        "id": 3,
        "name": "gender equality mug01",
        "price": 4.99,
        "image": "mug4.png"
    },
    {
        "id": 4,
        "name": "gender equality women clothing02",
        "price": 17.99,
        "image": "image3.png"
    },
    {
        "id": 5,
        "name": "gender equality bracelet02",
        "price": 10.99,
        "image": "bracelets.png"
    },
    {
        "id": 6,
        "name": "gender equality mug02",
        "price": 4.99,
        "image": "mug3.png"
    },
    {
        "id": 7,
        "name": "gender equality women clothing03",
        "price": 19.99,
        "image": "tshirt2.png"
    },
    {
        "id": 8,
        "name": "gender equality mug03",
        "price": 4.99,
        "image": "mugs2.png"
    }
   
    
]